Modèle,Accuracy
RandomForest,1.0
GradientBoosting,0.9833333333333333
DecisionTree,0.9833333333333333
LogisticRegression,0.8833333333333333
LinearSVC,0.8833333333333333
KNN,0.8166666666666667
